Full Name,First,Last
Eric Allen,Eric,Allen
Ilkay Altintas,Ilkay,Altintas
Lihini Aluwihare,Lihini,Aluwihare
Rommie Amaro,Rommie,Amaro
Cheryl Anderson,Cheryl,Anderson
Maria Rosario Araneta,Maria Rosario,Araneta
Scott Baden,Scott,Baden
Vineet Bafna,Vineet,Bafna
Nuno Bandeira,Nuno,Bandeira
Kim Barrett,Kim,Barrett
Andy Bartko,Andy,Bartko
Douglas Bartlett,Douglas,Bartlett
Shrikant Bhute,Shrikant,Bhute
Ethan Bier,Ethan,Bier
Cinnamon Bloss,Cinnamon,Bloss
Lars Bode,Lars,Bode
Brigid Boland,Brigid,Boland
Jeff Bowman,Jeff,Bowman
John Bradley,John,Bradley
Sheldon Brown,Sheldon,Brown
Sara Browne,Sara,Browne
Linda Brubaker,Linda,Brubaker
Jane Burns,Jane,Burns
Kalen Cantrell,Kalen,Cantrell
Carolina Carpenter,Carolina,Carpenter
John Chang,John,Chang
Lakshmi Chilukuri,Lakshmi,Chilukuri
Hiu Chu,Hiu,Chu
Douglas Conrad,Douglas,Conrad
Shane Crotty,Shane,Crotty
Laura Crotty Alexander,Laura,Crotty Alexander
Sheila Crowe,Sheila,Crowe
Matt Daugherty,Matt,Daugherty
Adam DeConde,Adam,DeConde
Anna Di Nardo,Anna,Di Nardo
Pieter Dorrestein,Pieter,Dorrestein
Donald Durden,Donald,Durden
Rachel Dutton,Rachel,Dutton
Peter Ernst,Peter,Ernst
Lisa Eyler,Lisa,Eyler
William Fenical,William,Fenical
Gary Firestein,Gary,Firestein
Stephanie Fraley,Stephanie,Fraley
Wenxian Fu,Wenxian,Fu
Pascal Gagneux,Pascal,Gagneux
Richard Gallo,Richard,Gallo
Olivier George,Olivier,George
Lena Gerwick,Lena,Gerwick
Partho Ghosh,Partho,Ghosh
Jack Gilbert,Jack,Gilbert
Chris Glass,Chris,Glass
James Golden,James,Golden
Susan Golden,Susan,Golden
David Gonzalez,David,Gonzalez
Diana Guttierez,Diana,Guttierez
Gabriel Haddad,Gabriel,Haddad
Shalisa Hansen,Shalisa,Hansen
Nan Hao,Nan,Hao
Jeff Hasty,Jeff,Hasty
Robert Heaton,Robert,Heaton
Suzi Hong,Suzi,Hong
Shi Huang,Shi,Huang
Alisa Huffaker,Alisa,Huffaker
Terry Hwa,Terry,Hwa
Trey Ideker,Trey,Ideker
Jules Jaffe,Jules,Jaffe
Mohit Jain,Mohit,Jain
Paul Jensen,Paul,Jensen
Dilip Jeste,Dilip,Jeste
Deborah Kado,Deborah,Kado
Iveta Kalcheva,Iveta,Kalcheva
Michael Karin,Michael,Karin
Soni Khandelwal,Soni,Khandelwal
Ken Kreutz-Delgado,Ken,Kreutz-Delgado
Sergey Kryazhimskiy,Sergey,Kryazhimskiy
Vipin Kumar,Vipin,Kumar
Michael Kurisu,Michael,Kurisu
Carolyn Kurle,Carolyn,Kurle
Louise Laurent,Louise,Laurent
Shelley Lawrence,Shelley,Lawrence
Scott Lippman,Scott,Lippman
Rohit Loomba,Rohit,Loomba
Li-Fan Lu,Li-Fan,Lu
Emily Lukacz,Emily,Lukacz
Cressida Madigan,Cressida,Madigan
Robert Mak,Robert,Mak
Prashant Mali,Prashant,Mali
Michael Matthias,Michael,Matthias
Stephen Mayfield,Stephen,Mayfield
Michael McCarthy,Michael,McCarthy
James McKerrow,James,McKerrow
Jill Mesirov,Jill,Mesirov
Christian Metallo,Christian,Metallo
Justin Meyer,Justin,Meyer
Siavash Mirarab,Siavash,Mirarab
Bradley Moore,Bradley,Moore
Jim Moore,Jim,Moore
Hayat Mousa,Hayat,Mousa
Tanya Nguyen,Tanya,Nguyen
Sanjay Nigam,Sanjay,Nigam
Victor Nizet,Victor,Nizet
Anthony O'Donoghue,Anthony,O'Donoghue
Marygorret Obonyo,Marygorret,Obonyo
Jerrold Olefsky,Jerrold,Olefsky
Brian Palenik,Brian,Palenik
Abraham Palmer,Abraham,Palmer
Bernhard Palsson,Bernhard,Palsson
Sandip Patel,Sandip,Patel
Kevin Patrick,Kevin,Patrick
Martin Paulus,Martin,Paulus
Pavel Pevzner,Pavel,Pevzner
Wayne Pfeiffer,Wayne,Pfeiffer
Sheila Podell,Sheila,Podell
Kit Pogliano,Kit,Pogliano
Kimberly Prather,Kimberly,Prather
David Pride,David,Pride
Lawrence Prince,Lawrence,Prince
Manuela Raffatellu,Manuela,Raffatellu
Brinda Rana,Brinda,Rana
Lada Rasochova,Lada,Rasochova
Aspen Reese,Aspen,Reese
Diana Rennison,Diana,Rennison
Kyung Rhee,Kyung,Rhee
Jesus Rivera-Nieves,Jesus,Rivera-Nieves
David Rosenberg,David,Rosenberg
Tajana Rosing,Tajana,Rosing
Oliver Ryder,Oliver,Ryder
Julie Ryu,Julie,Ryu
Bill Sandborn,Bill,Sandborn
Gordon Saxe,Gordon,Saxe
Eric Schmelz,Eric,Schmelz
Bernd Schnabl,Bernd,Schnabl
Dorothy Sears,Dorothy,Sears
Jonathan Shurin,Jonathan,Shurin
Larry Smarr,Larry,Smarr
Jennifer Smith,Jennifer,Smith
Davey Smith,Davey,Smith
Se Jin Song,Se Jin,Song
Shankar Subramaniam,Shankar,Subramaniam
Gurol Suel,Gurol,Suel
Austin Swafford,Austin,Swafford
Pam Taub,Pam,Taub
Glenn Tesler,Glenn,Tesler
Varykina Thackray,Varykina,Thackray
Emily Troemel,Emily,Troemel
Ming Tsuang,Ming,Tsuang
Ajit Varki,Ajit,Varki
Yoshiki Vazquez-Baeza,Yoshiki,Vazquez-Baeza
Joseph Wang,Joseph,Wang
Nick Webster,Nick,Webster
Nadir Weibel,Nadir,Weibel
Kelly Weldon,Kelly,Weldon
Amir Zarrinpar,Amir,Zarrinpar
Karsten Zengler,Karsten,Zengler
Kun Zhang,Kun,Zhang
Sheng Zhong,Sheng,Zhong
 ,,
 ,,
